REG_ANS;VL_SALDO_FINAL;ano;trimestre
477;1257109617.35;2025;1
515;102537780.92;2025;1
582;13649443143.35;2025;1
701;12001491390.69;2025;1
884;1041946613.27;2025;1
5711;102195684284.0;2025;1
6246;75660776556.99;2025;1
300136;284673135.38;2025;1
300713;287232374.26;2025;1
300730;9507910.77;2025;1
300870;109218155.61;2025;1
301060;147119129.84;2025;1
301124;101004120.4;2025;1
301574;459244958.07;2025;1
301728;160833874.59;2025;1
301744;180357321.53;2025;1
301949;2311425512.14;2025;1
302147;11430368120.14;2025;1
302228;62217003.73;2025;1
302627;92869591.56;2025;1
302953;951855011.15;2025;1
303178;156111052.18;2025;1
303267;910805279.11;2025;1
303356;1243522591.46;2025;1
303623;1692404885.69;2025;1
303739;445276747.34;2025;1
303844;116358608.2;2025;1
303976;3628646511.1;2025;1
304051;398847834.59;2025;1
304123;123859547.83;2025;1
304131;254088318.47;2025;1
304212;26196432.79;2025;1
304344;209761458.06;2025;1
304395;255250103.85;2025;1
304441;52392789.98;2025;1
304468;294293947.78;2025;1
304484;165365302.62;2025;1
304531;27681181.66;2025;1
304701;8126656400.15;2025;1
304883;494647957.07;2025;1
305227;225671374.59;2025;1
305421;9919820.76;2025;1
305472;235377733.55;2025;1
305626;107913120.65;2025;1
305928;16657027.9;2025;1
306045;25383088.98;2025;1
306100;350140494.75;2025;1
306126;367055478.06;2025;1
306398;1318822724.96;2025;1
306754;94014538.18;2025;1
306762;384348908.0;2025;1
306886;1275135935.85;2025;1
307319;595961661.6;2025;1
307751;282833215.83;2025;1
308811;84301125.61;2025;1
309028;86848886.88;2025;1
309087;182631900.64;2025;1
309222;5358602518.5;2025;1
309524;69892898.48;2025;1
309907;391724707.18;2025;1
310239;60900733.04;2025;1
310247;578060458.72;2025;1
310522;451991941.29;2025;1
310981;51442296.07;2025;1
311057;17079049.14;2025;1
311146;175359266.7;2025;1
311294;359042730.01;2025;1
311359;182022984.32;2025;1
311375;440014176.79;2025;1
311391;25848949.29;2025;1
311618;241486899.5;2025;1
311715;331228302.36;2025;1
311847;781777461.29;2025;1
311944;72956677.4;2025;1
311961;821851173.93;2025;1
312126;5008621703.11;2025;1
312282;97474564.46;2025;1
312347;416271353.64;2025;1
312363;13219686030.41;2025;1
312592;278527266.68;2025;1
312720;1585159352.05;2025;1
312851;2084049808.42;2025;1
313084;139993261.89;2025;1
313149;28797207.95;2025;1
313211;277737142.62;2025;1
313475;32969167.19;2025;1
313751;91987576.79;2025;1
314099;535039272.82;2025;1
314218;1495023662.46;2025;1
314242;86948686.46;2025;1
314251;165552030.4;2025;1
314315;24204582.88;2025;1
314366;11257675.01;2025;1
314587;102228043.04;2025;1
314668;478231726.49;2025;1
314706;29544185.41;2025;1
314781;70832528.13;2025;1
315044;475791480.06;2025;1
315265;193087317.28;2025;1
315478;3546788221.51;2025;1
315494;90566681.3;2025;1
315567;358607983.42;2025;1
315583;105732644.38;2025;1
315648;107060603.33;2025;1
315729;1340127651.92;2025;1
315796;996361510.96;2025;1
316148;267643996.4;2025;1
316458;63230184.58;2025;1
316849;15012114.23;2025;1
316873;305853842.29;2025;1
316881;367490951.81;2025;1
316903;1823832.9;2025;1
316997;14791433.07;2025;1
317012;141441033.34;2025;1
317144;5652226627.67;2025;1
317233;621860397.57;2025;1
317632;659006979.99;2025;1
317896;135357868.77;2025;1
318035;143130899.02;2025;1
318213;140320247.85;2025;1
318299;618015841.2;2025;1
318388;239103440.1;2025;1
318477;230246284.18;2025;1
318566;336905730.02;2025;1
319121;1515831563.75;2025;1
319180;127518521.5;2025;1
319384;421508110.17;2025;1
319422;162202006.08;2025;1
319708;659359302.84;2025;1
319872;16294612.9;2025;1
319996;3329793867.5;2025;1
320251;526386676.54;2025;1
320706;891048196.05;2025;1
320820;104788371.62;2025;1
320838;36206854.67;2025;1
320862;251677038.6;2025;1
320897;188042237.05;2025;1
321044;2110724207.99;2025;1
321087;118483889.76;2025;1
321125;44495546.51;2025;1
321273;1278935306.94;2025;1
321320;67152732.4;2025;1
321338;80738353.02;2025;1
321931;85474310.79;2025;1
321958;634938690.14;2025;1
322326;30405965.19;2025;1
322571;315558845.66;2025;1
322831;182149503.41;2025;1
322890;17058509.08;2025;1
323004;40714257.59;2025;1
323055;142541688.51;2025;1
323080;12700401837.43;2025;1
323268;815399428.77;2025;1
323357;196375482.69;2025;1
323926;226862452.78;2025;1
323942;87190874.38;2025;1
323993;435883991.44;2025;1
324159;152845273.02;2025;1
324175;66813518.32;2025;1
324213;95224182.37;2025;1
324299;78737065.17;2025;1
324345;325498461.24;2025;1
324361;599993135.33;2025;1
324477;784784177.91;2025;1
324493;465769402.2;2025;1
324523;130919.54;2025;1
324566;226952735.08;2025;1
325031;187090120.19;2025;1
325082;63367504.36;2025;1
325236;209598917.21;2025;1
325465;86325324.45;2025;1
325571;2127557933.02;2025;1
326305;55750324684.09;2025;1
326500;811550643.46;2025;1
326755;452618883.45;2025;1
326861;633272329.3;2025;1
327328;2548701.49;2025;1
327352;103813328.77;2025;1
327417;524581615.22;2025;1
327468;66572035.63;2025;1
327557;249710590.88;2025;1
327638;41721486.72;2025;1
327689;2272038824.09;2025;1
328031;-6083733.28;2025;1
328294;292861181.44;2025;1
328308;88220570.65;2025;1
328375;66486274.98;2025;1
328537;396514315.92;2025;1
329339;684446606.8;2025;1
329355;100574491.38;2025;1
329886;213587753.37;2025;1
330108;274595614.9;2025;1
330116;101842410.18;2025;1
330264;257612634.19;2025;1
330281;100838055.61;2025;1
330566;229055464.98;2025;1
330809;269111618.41;2025;1
330892;54352371.82;2025;1
331104;10158863.79;2025;1
331317;715667758.02;2025;1
331341;472414371.29;2025;1
331651;209585336.96;2025;1
331872;1462126449.89;2025;1
331988;1285654876.31;2025;1
333051;558909602.99;2025;1
333239;2811423.07;2025;1
333662;444465093.24;2025;1
333689;881249626.01;2025;1
333808;114098589.97;2025;1
333867;40177429.6;2025;1
333875;104672123.76;2025;1
334154;210668856.2;2025;1
334243;14584854.94;2025;1
334511;12491955.18;2025;1
334561;1582535214.52;2025;1
334847;53647114.17;2025;1
335100;2992168140.78;2025;1
335215;329116200.1;2025;1
335258;53932677.51;2025;1
335479;912604677.92;2025;1
335517;217622257.68;2025;1
335541;192911661.72;2025;1
335592;2670136465.32;2025;1
335614;3683561424.4;2025;1
335657;57289735.37;2025;1
335690;6713397663.93;2025;1
335754;221832306.43;2025;1
335789;72096824.23;2025;1
336017;15899384.46;2025;1
336106;845768048.79;2025;1
336467;44516213.61;2025;1
336831;271904342.67;2025;1
336858;2168608280.87;2025;1
337188;678980440.32;2025;1
337374;698040488.1;2025;1
337498;173806658.89;2025;1
337561;41158521.33;2025;1
337668;1360154183.92;2025;1
337871;455846861.6;2025;1
338346;154867964.44;2025;1
338648;502653706.46;2025;1
339458;13679762.14;2025;1
339679;19173205809.07;2025;1
339954;1610676856.88;2025;1
340162;19327744.82;2025;1
340251;183399207.76;2025;1
340782;1565506344.36;2025;1
340952;896161340.01;2025;1
341819;2496048.76;2025;1
341941;48388526.9;2025;1
342033;1851863983.2;2025;1
342084;3230211827.74;2025;1
342131;97027067.51;2025;1
342157;31195219.79;2025;1
342203;46445428.1;2025;1
342343;155516998.1;2025;1
342386;129178565.53;2025;1
342556;470235149.24;2025;1
342611;334717868.25;2025;1
342807;407179355.71;2025;1
342955;10557971.9;2025;1
343056;10724755.62;2025;1
343064;193334543.1;2025;1
343129;71962935.25;2025;1
343153;31914073.02;2025;1
343269;2314248783.68;2025;1
343331;201969053.32;2025;1
343404;5439876.03;2025;1
343463;168421568.79;2025;1
343676;146456278.2;2025;1
343684;145569730.45;2025;1
343722;36665844.55;2025;1
343731;2617966981.67;2025;1
343765;65326728.67;2025;1
343889;13116434990.68;2025;1
344141;15177726.81;2025;1
344184;9691805.99;2025;1
344362;426126193.78;2025;1
344397;977938404.93;2025;1
344451;45587858.38;2025;1
344729;406148417.35;2025;1
344788;37306666.15;2025;1
344800;666757534.9;2025;1
344885;3698788385.72;2025;1
344915;12677896.88;2025;1
345091;131454105.32;2025;1
345318;46644262.74;2025;1
345458;164151639.2;2025;1
345598;514665606.89;2025;1
345709;314570100.05;2025;1
345741;13876323.34;2025;1
345776;127064075.46;2025;1
346004;40834958.19;2025;1
346209;292151091.86;2025;1
346276;620701337.51;2025;1
346659;17945292316.69;2025;1
346870;71379623.16;2025;1
346926;3250063923.8;2025;1
346951;139641337.89;2025;1
347108;131727915.56;2025;1
347507;521021938.58;2025;1
347604;21246325.9;2025;1
347655;228973569.0;2025;1
347736;102024551.3;2025;1
347795;15548767.82;2025;1
347825;27559873.67;2025;1
348082;566578235.19;2025;1
348180;1039820097.56;2025;1
348244;258038770.33;2025;1
348261;127844594.26;2025;1
348295;2100230277.89;2025;1
348520;2270836056.82;2025;1
348830;513565699.97;2025;1
349534;295839382.3;2025;1
349682;689959846.57;2025;1
349712;847328435.19;2025;1
350141;1019301202.94;2025;1
350249;2036306257.89;2025;1
350346;68161666.97;2025;1
350371;575418911.71;2025;1
350494;173176859.08;2025;1
350648;80492578.25;2025;1
350699;227438749.62;2025;1
350770;10935419.76;2025;1
351202;1818525210.24;2025;1
351270;80295712.92;2025;1
351407;312412882.67;2025;1
351776;83966651.14;2025;1
351792;8941160.06;2025;1
352179;213080700.01;2025;1
352314;230343268.47;2025;1
352331;2028092105.4;2025;1
352501;8324440315.32;2025;1
352519;56737869.74;2025;1
352543;429425476.3;2025;1
352586;224431687.55;2025;1
352683;596960089.08;2025;1
353027;146342569.9;2025;1
353060;603207838.84;2025;1
353264;50575923.27;2025;1
353353;1211365584.22;2025;1
353663;949970595.2;2025;1
353698;48052231.03;2025;1
353876;95768147.17;2025;1
354031;1023040510.53;2025;1
354066;916336015.68;2025;1
354279;197010340.29;2025;1
354295;570976371.42;2025;1
354325;195856775.07;2025;1
354511;333717736.01;2025;1
354562;366220080.66;2025;1
354619;72189175.09;2025;1
354627;14365090812.66;2025;1
354678;46739530.16;2025;1
354783;736311310.6;2025;1
354996;92094868.06;2025;1
355097;1775805798.68;2025;1
355151;750720344.48;2025;1
355577;178435775.36;2025;1
355593;127966959.49;2025;1
355691;1575797882.06;2025;1
355721;1886276270.0;2025;1
356123;342420534.72;2025;1
356417;882993090.86;2025;1
356476;298939463.15;2025;1
356581;154791676.75;2025;1
357022;201103476.59;2025;1
357138;360240987.82;2025;1
357260;443181695.1;2025;1
357391;4407555489.66;2025;1
357511;2336097106.84;2025;1
357669;45838157.77;2025;1
357715;99024958.81;2025;1
358053;155274516.81;2025;1
358088;515003194.96;2025;1
358096;228008410.64;2025;1
358282;114218667.22;2025;1
358339;17915133.38;2025;1
358436;40253016.92;2025;1
358754;127905448.47;2025;1
359017;22307114934.68;2025;1
359033;97378779.77;2025;1
359122;212375766.09;2025;1
359289;554583548.63;2025;1
359661;5013532151.78;2025;1
359777;592127206.69;2025;1
360244;613652397.51;2025;1
360414;148975916.07;2025;1
360449;2995109285.59;2025;1
360783;22728567.18;2025;1
361011;1277335342.61;2025;1
361461;193431768.13;2025;1
361569;34450115.92;2025;1
361593;27711546.87;2025;1
361615;263721197.03;2025;1
361941;209648715.44;2025;1
362140;259253901.27;2025;1
362573;97915675.52;2025;1
362832;86408998.3;2025;1
363189;25438967.28;2025;1
363286;151973689.56;2025;1
363391;30419603.7;2025;1
363855;226662030.27;2025;1
364070;65017367.83;2025;1
364312;728120685.82;2025;1
364584;954936975.39;2025;1
364592;119873861.77;2025;1
364860;425398269.33;2025;1
365238;150616298.52;2025;1
365530;101076826.58;2025;1
365645;31722617.46;2025;1
365777;180522076.37;2025;1
365785;10342215.28;2025;1
366064;168631477.45;2025;1
366340;113895585.18;2025;1
366439;39494298.39;2025;1
366561;697157823.72;2025;1
367087;757802886.9;2025;1
367095;741359950.98;2025;1
367397;719283276.41;2025;1
367613;32502537.6;2025;1
368148;173054826.92;2025;1
368253;21738923842.29;2025;1
368555;58002231.05;2025;1
368920;227243411.67;2025;1
369292;826105554.91;2025;1
369411;474062969.18;2025;1
369659;1312064393.12;2025;1
370070;1294079958.3;2025;1
370088;152170586.98;2025;1
370568;18527207.64;2025;1
370592;47227991.15;2025;1
370681;420546063.42;2025;1
370711;13004852.27;2025;1
370975;129370420.57;2025;1
371106;451805746.6;2025;1
371254;1868445371.9;2025;1
371564;92974074.02;2025;1
371629;421103980.21;2025;1
371777;308498665.94;2025;1
372561;189981444.47;2025;1
372609;533672640.47;2025;1
374440;148687348.36;2025;1
378216;144351629.3;2025;1
379280;443288530.26;2025;1
379956;5123627811.22;2025;1
380661;955020085.21;2025;1
381144;12581938.69;2025;1
382281;11619429.79;2025;1
382540;280692895.56;2025;1
382639;4646002.46;2025;1
382655;14232689.67;2025;1
382876;5910567076.2;2025;1
384577;1852969152.91;2025;1
384704;66694451.39;2025;1
385255;353146788.27;2025;1
385620;126464898.05;2025;1
385697;1059565365.44;2025;1
386588;703485625.77;2025;1
386596;310195560.13;2025;1
386901;64934198.22;2025;1
387185;67909480.99;2025;1
388092;21968907.2;2025;1
389358;27843302.56;2025;1
389854;29590312.58;2025;1
390259;22491698.96;2025;1
392804;894217737.48;2025;1
393533;14248874.74;2025;1
394734;347766333.07;2025;1
395480;208446280.08;2025;1
397245;4446104.4;2025;1
401081;266867153.94;2025;1
401480;59443404.2;2025;1
402001;26706496.6;2025;1
402206;47366425.85;2025;1
402966;110842486.58;2025;1
403962;185107346.97;2025;1
404241;38882645.61;2025;1
406481;293882894.84;2025;1
406554;328251423.03;2025;1
406635;21650390.89;2025;1
406805;46492523.67;2025;1
406813;10785854.32;2025;1
406937;55419818.23;2025;1
406945;126684170.98;2025;1
407011;833841615.11;2025;1
407224;41826440.87;2025;1
407534;9366266.54;2025;1
407569;15631268.96;2025;1
408026;11851990.52;2025;1
408034;13095988.16;2025;1
408093;9817075.27;2025;1
408263;21791809.71;2025;1
408522;6417824.03;2025;1
408794;72377851.55;2025;1
409243;417243991.48;2025;1
409286;1706565.35;2025;1
409405;15385959.47;2025;1
409413;29424351.99;2025;1
409634;18033664.47;2025;1
409791;13582185.95;2025;1
410110;69755218.43;2025;1
410128;94094058.8;2025;1
410292;172601593.61;2025;1
410608;34115555.76;2025;1
410624;31106853.7;2025;1
410888;56081825.77;2025;1
411248;13157573.93;2025;1
411256;1019410877.79;2025;1
411582;132314937.14;2025;1
411752;762448021.74;2025;1
411809;25722099.22;2025;1
411868;23270643.9;2025;1
412015;9858388.81;2025;1
412058;86623963.3;2025;1
412252;58407974.27;2025;1
412295;171546816.61;2025;1
412635;106173386.88;2025;1
412759;110106451.65;2025;1
412996;26182419.27;2025;1
413160;106703791.05;2025;1
413267;7528137.5;2025;1
413283;17975756.59;2025;1
413330;82775465.95;2025;1
413372;56041760.79;2025;1
413429;47484281.57;2025;1
413518;40321941.18;2025;1
413534;2120840450.25;2025;1
413721;73593357.31;2025;1
413747;10025530.81;2025;1
414026;16667332.12;2025;1
414212;66616167.69;2025;1
414310;289091512.16;2025;1
414352;314773135.59;2025;1
414387;20702377.01;2025;1
414492;448781067.41;2025;1
414573;184672696.38;2025;1
414581;442162852.72;2025;1
414654;34615458.38;2025;1
414662;61732475.04;2025;1
414689;7798224.8;2025;1
414701;24995785.99;2025;1
414905;75233591.34;2025;1
414930;232522145.17;2025;1
415014;222061853.46;2025;1
415065;85208570.29;2025;1
415081;9529185.23;2025;1
415111;548467045.93;2025;1
415243;10827920.09;2025;1
415626;58161915.62;2025;1
415693;311871634.56;2025;1
415774;393574820.02;2025;1
415901;4421914.25;2025;1
415910;6398518.96;2025;1
415936;78239400.49;2025;1
415944;508215.17;2025;1
415987;13246311.97;2025;1
416398;168167113.12;2025;1
416401;494327381.45;2025;1
416410;113800.02;2025;1
416428;3488324352.61;2025;1
416495;156177650.16;2025;1
416525;32460499.67;2025;1
416568;479676910.0;2025;1
416584;107683145.47;2025;1
416690;185435488.12;2025;1
416738;196363336.29;2025;1
416789;1787206.56;2025;1
416801;225174568.35;2025;1
417050;872154.88;2025;1
417092;527495.04;2025;1
417106;6877565.31;2025;1
417131;5631373.17;2025;1
417165;1108956.24;2025;1
417173;38337426.68;2025;1
417211;135918199.77;2025;1
417220;7247947.36;2025;1
417289;55587767.72;2025;1
417297;221107790.52;2025;1
417301;11241208.55;2025;1
417424;24207009.01;2025;1
417459;3383970.88;2025;1
417475;22550195.16;2025;1
417491;12205327.51;2025;1
417505;1434098603.88;2025;1
417530;673525559.11;2025;1
417548;436737149.6;2025;1
417599;264308274.44;2025;1
417602;3147978.39;2025;1
417611;0.0;2025;1
417661;120551145.31;2025;1
417718;6268309.8;2025;1
417815;204482080.69;2025;1
417831;7740442.45;2025;1
417947;303468309.48;2025;1
417955;138942981.51;2025;1
418021;750562390.98;2025;1
418030;537705.4;2025;1
418072;14434400.0;2025;1
418129;13389843.56;2025;1
418137;72093020.13;2025;1
418161;0.0;2025;1
418170;825023325.97;2025;1
418218;8963952.32;2025;1
418226;28737455.91;2025;1
418285;90262570.39;2025;1
418374;303236403.57;2025;1
418501;29531503.73;2025;1
418552;7747448.4;2025;1
418587;128899408.87;2025;1
418595;1176836.53;2025;1
418617;93655585.59;2025;1
418650;357797080.76;2025;1
418706;55146.76;2025;1
418731;129480650.86;2025;1
418749;19702747.43;2025;1
418803;230856775.08;2025;1
418820;118349993.47;2025;1
418919;132755518.21;2025;1
418960;7360710.14;2025;1
418986;5495828.06;2025;1
418994;2002605.78;2025;1
419010;982131754.3;2025;1
419028;7011763.27;2025;1
419052;143247154.49;2025;1
419079;3727388.13;2025;1
419095;4280162.42;2025;1
419133;2279198719.53;2025;1
419141;263440855.46;2025;1
419150;123480476.63;2025;1
419249;992920167.58;2025;1
419257;0.0;2025;1
419281;28398213.62;2025;1
419290;15004667.36;2025;1
419354;1428203.0;2025;1
419389;2256476.36;2025;1
419419;97587661.6;2025;1
419427;123943117.99;2025;1
419443;11966977.02;2025;1
419486;151641154.65;2025;1
419516;93292271.42;2025;1
419524;4385821.46;2025;1
419567;28340.16;2025;1
419591;12976298.86;2025;1
419699;100007164.34;2025;1
419753;34906754.61;2025;1
419851;26179848.42;2025;1
419869;15000.0;2025;1
419958;78560538.51;2025;1
419974;24670140.87;2025;1
420000;154213874.88;2025;1
420051;8137521.6;2025;1
420077;524533038.13;2025;1
420085;47008196.98;2025;1
420093;11159100.38;2025;1
420107;966429.92;2025;1
420123;20913857.9;2025;1
420140;803000.0;2025;1
420158;224051665.77;2025;1
420166;342746363.87;2025;1
420701;66615551.25;2025;1
420786;60379566.33;2025;1
420816;7262684.95;2025;1
420841;2859137.17;2025;1
420859;9619300.72;2025;1
420930;6419558.38;2025;1
420981;18284789.74;2025;1
420999;7630254.9;2025;1
421006;151291982.96;2025;1
421146;20000.0;2025;1
421154;130670014.39;2025;1
421189;10182264.74;2025;1
421197;221858510.38;2025;1
421341;221634802.72;2025;1
421359;37125209.54;2025;1
421367;16255373.89;2025;1
421375;29350.0;2025;1
421405;63627083.38;2025;1
421421;547782683.26;2025;1
421561;2382352.87;2025;1
421618;12657849.05;2025;1
421634;14213403.57;2025;1
421642;18854.98;2025;1
421707;33881283.92;2025;1
421715;3766563529.89;2025;1
421723;4920517.16;2025;1
421731;112203787.76;2025;1
421766;121832191.87;2025;1
421871;24846712.69;2025;1
421928;898451972.85;2025;1
421944;134090516.36;2025;1
422029;640301317.86;2025;1
422053;78215520.51;2025;1
422070;133830437.1;2025;1
422088;15263814.37;2025;1
422126;6252400.3;2025;1
422134;4026725.55;2025;1
422151;40403007.24;2025;1
422304;16074367.06;2025;1
422321;147881913.22;2025;1
422339;832112608.48;2025;1
422355;11867774.87;2025;1
422371;65600756.53;2025;1
422398;228278662.91;2025;1
422401;0.0;2025;1
422479;1742425.92;2025;1
422487;6392840.81;2025;1
422576;76924.06;2025;1
422584;57830048.93;2025;1
422592;0.0;2025;1
422631;2111154728.11;2025;1
422681;251428892.22;2025;1
422746;5297453.22;2025;1
422754;2228410.19;2025;1
422762;40448858.89;2025;1
422771;164710389.26;2025;1
422827;59420421.04;2025;1
422835;34177177.03;2025;1
422941;-5667.83;2025;1
422959;12068920.5;2025;1
423017;0.0;2025;1
423041;193534.06;2025;1
423173;660576934.03;2025;1
423181;2988501.66;2025;1
423203;16296718.36;2025;1
423262;4427739.41;2025;1
423319;119328557.92;2025;1
423327;67.0;2025;1
423335;110400644.37;2025;1
423351;56148789.39;2025;1
423408;5728092.95;2025;1
423432;7732192.69;2025;1
423505;11572046.86;2025;1
423548;23331496.31;2025;1
423564;2783740.57;2025;1
423572;149052.28;2025;1
423629;38980671.33;2025;1
423645;1608986.27;2025;1
423661;174321693.66;2025;1
423700;113499.8;2025;1
423718;50783248.7;2025;1
423742;0.0;2025;1
423815;98557.55;2025;1
423858;0.0;2025;1
423912;1044123.14;2025;1
424048;6641265.76;2025;1
424129;139690.87;2025;1
424145;14845.58;2025;1
424161;0.0;2025;1
424170;1996040.61;2025;1
424421;406552.0;2025;1
515;111927627.43;2025;2
582;26358171312.29;2025;2
701;22505338245.42;2025;2
884;1607118453.21;2025;2
5711;167235113374.87;2025;2
6246;127313811733.5;2025;2
300136;500783060.46;2025;2
300713;527533939.39;2025;2
300730;17714992.98;2025;2
300870;107510690.56;2025;2
301060;259830145.97;2025;2
301124;172764744.25;2025;2
301574;913061343.98;2025;2
301728;284838417.05;2025;2
301744;312476144.46;2025;2
301949;4173187015.49;2025;2
302147;22338605789.36;2025;2
302228;115748082.02;2025;2
302627;184040239.16;2025;2
302953;1873287811.72;2025;2
303178;291179587.79;2025;2
303267;1801421422.62;2025;2
303356;2329271584.05;2025;2
303623;3201714017.84;2025;2
303739;843697698.36;2025;2
303844;217284693.28;2025;2
303976;6464935761.5;2025;2
304051;650383517.37;2025;2
304123;221763858.21;2025;2
304131;459107158.08;2025;2
304212;61883938.85;2025;2
304344;386169705.03;2025;2
304395;498666638.71;2025;2
304441;95118331.6;2025;2
304468;531424014.5;2025;2
304484;310384743.44;2025;2
304531;45443051.61;2025;2
304701;14681698072.45;2025;2
304883;977645233.57;2025;2
305227;406638254.14;2025;2
305421;18864705.68;2025;2
305472;425482742.45;2025;2
305626;159736076.2;2025;2
305928;31586742.64;2025;2
306045;40096154.87;2025;2
306100;641911534.24;2025;2
306126;726574559.99;2025;2
306398;2483629228.55;2025;2
306754;188713690.4;2025;2
306762;726378083.09;2025;2
306886;2338457216.94;2025;2
307319;1114317177.3;2025;2
307751;528303079.99;2025;2
308811;157638871.67;2025;2
309028;120337730.31;2025;2
309087;361252593.27;2025;2
309222;9166487973.86;2025;2
309524;127332299.25;2025;2
309907;675902615.4;2025;2
310239;103713855.18;2025;2
310247;1092692979.74;2025;2
310522;851124088.88;2025;2
310981;83853522.12;2025;2
311057;27125193.33;2025;2
311146;276027551.65;2025;2
311294;695474936.88;2025;2
311359;360320353.33;2025;2
311375;838490048.77;2025;2
311391;48570620.96;2025;2
311618;447691698.6;2025;2
311715;605739865.57;2025;2
311847;1426192054.16;2025;2
311944;132689668.14;2025;2
311961;1034708226.83;2025;2
312126;9129305717.67;2025;2
312282;176421041.58;2025;2
312347;701224453.92;2025;2
312363;21765546586.52;2025;2
312592;502120662.92;2025;2
312720;2867279417.99;2025;2
312851;3705653488.31;2025;2
313084;243205213.67;2025;2
313149;47955329.75;2025;2
313211;549199368.37;2025;2
313475;56614425.01;2025;2
313751;170722954.56;2025;2
314099;959563011.1;2025;2
314218;2761177775.01;2025;2
314242;181880943.2;2025;2
314251;299297294.48;2025;2
314315;55080412.45;2025;2
314366;19670767.24;2025;2
314587;186853995.29;2025;2
314668;908659390.25;2025;2
314706;56169407.5;2025;2
314781;127674635.05;2025;2
315044;940224663.74;2025;2
315265;346353806.97;2025;2
315478;6604940302.79;2025;2
315494;162730995.65;2025;2
315567;705383854.67;2025;2
315583;145199021.26;2025;2
315648;187445262.19;2025;2
315729;2592690539.19;2025;2
315796;1908900037.46;2025;2
316148;510419586.25;2025;2
316458;115187701.13;2025;2
316849;28876454.09;2025;2
316873;567398963.46;2025;2
316881;647977656.85;2025;2
316903;2801780.57;2025;2
316997;28126821.02;2025;2
317012;250761480.38;2025;2
317144;10700731404.76;2025;2
317233;1300765720.34;2025;2
317632;1295315121.88;2025;2
317896;200619756.08;2025;2
318035;255924327.18;2025;2
318213;244447046.67;2025;2
318299;1127220083.91;2025;2
318388;468605250.62;2025;2
318477;389582014.87;2025;2
318566;620732658.88;2025;2
319121;2725312182.5;2025;2
319180;235666940.17;2025;2
319384;757986531.94;2025;2
319422;322374513.32;2025;2
319708;1189487943.36;2025;2
319872;25414935.99;2025;2
319996;5678946957.24;2025;2
320251;909464317.4;2025;2
320510;147744495.37;2025;2
320706;1686179382.64;2025;2
320820;212214455.59;2025;2
320838;53562104.97;2025;2
320862;455473443.03;2025;2
320897;346508739.14;2025;2
321044;4048658401.26;2025;2
321087;229178288.97;2025;2
321125;82406076.58;2025;2
321273;2476073090.19;2025;2
321320;123754537.7;2025;2
321338;82095208.12;2025;2
321931;179910284.23;2025;2
321958;1264962866.73;2025;2
322326;50627399.17;2025;2
322571;561282289.68;2025;2
322831;360399790.08;2025;2
322890;30875511.61;2025;2
323004;79234450.5;2025;2
323055;250979043.77;2025;2
323080;22378580460.16;2025;2
323268;1530207989.03;2025;2
323357;345510876.09;2025;2
323926;403952256.74;2025;2
323942;166932999.96;2025;2
323993;864776365.0;2025;2
324159;293781856.77;2025;2
324175;129180292.29;2025;2
324213;103115075.27;2025;2
324299;136612839.07;2025;2
324345;598425605.72;2025;2
324361;1099125427.62;2025;2
324477;1322993708.54;2025;2
324493;841947154.2;2025;2
324523;152922.48;2025;2
324566;408358202.61;2025;2
325031;350618562.04;2025;2
325082;79706275.33;2025;2
325236;386824366.3;2025;2
325465;147823198.15;2025;2
325571;4120299238.91;2025;2
326305;98893714005.06;2025;2
326500;1503811498.01;2025;2
326755;886050448.07;2025;2
326861;1191248226.82;2025;2
327328;4726627.39;2025;2
327352;181509559.02;2025;2
327417;999785545.03;2025;2
327468;109359622.86;2025;2
327557;447030770.68;2025;2
327638;72661424.25;2025;2
327689;4116923998.37;2025;2
328031;-14862552.45;2025;2
328294;509924607.13;2025;2
328308;173148010.05;2025;2
328375;118091765.54;2025;2
328537;706521149.64;2025;2
329339;1327082540.21;2025;2
329355;197625344.95;2025;2
329665;125848536.77;2025;2
329886;410330145.7;2025;2
330108;505344652.95;2025;2
330116;185109029.86;2025;2
330264;495259216.7;2025;2
330281;189375224.84;2025;2
330566;459703568.48;2025;2
330809;392843559.69;2025;2
330892;103763010.03;2025;2
331104;13271872.57;2025;2
331317;1378138609.59;2025;2
331341;898947856.26;2025;2
331651;390881447.4;2025;2
331872;2691497347.17;2025;2
331988;2167263916.18;2025;2
333051;1086139022.4;2025;2
333239;5182904.38;2025;2
333662;835322857.04;2025;2
333689;1471998633.36;2025;2
333808;213554288.27;2025;2
333867;67229806.11;2025;2
333875;197213056.97;2025;2
334154;387375881.16;2025;2
334243;29770708.12;2025;2
334511;14992513.49;2025;2
334561;2989986397.31;2025;2
334847;89934141.54;2025;2
335100;5530522707.1;2025;2
335215;629344637.47;2025;2
335258;96697144.49;2025;2
335479;1692496108.58;2025;2
335517;386991396.1;2025;2
335541;302435241.46;2025;2
335592;4837600090.98;2025;2
335614;7008883879.13;2025;2
335657;111946443.69;2025;2
335690;12819246488.39;2025;2
335754;415539097.25;2025;2
335789;117946816.13;2025;2
336017;18626281.37;2025;2
336106;1559651093.75;2025;2
336467;77038361.05;2025;2
336831;535793987.37;2025;2
336858;7012313684.68;2025;2
337188;1306758067.76;2025;2
337374;1319447721.38;2025;2
337498;302181000.12;2025;2
337561;76077015.37;2025;2
337668;2348310252.58;2025;2
337871;805489341.24;2025;2
338346;299989531.46;2025;2
338648;716491941.16;2025;2
339458;25214114.47;2025;2
339679;33050967158.07;2025;2
339954;2932915805.49;2025;2
340162;28128484.76;2025;2
340251;331178548.42;2025;2
340782;3323341423.09;2025;2
340952;1714548401.78;2025;2
341819;3179356.57;2025;2
341941;84802852.68;2025;2
342033;3362449336.76;2025;2
342084;5761670046.38;2025;2
342131;173659403.83;2025;2
342157;62694090.41;2025;2
342203;83395281.66;2025;2
342343;270363905.98;2025;2
342386;232970009.35;2025;2
342556;955397026.45;2025;2
342611;666629323.72;2025;2
342807;755008815.44;2025;2
342955;19868798.97;2025;2
343056;19458084.06;2025;2
343064;355428237.31;2025;2
343129;125104733.89;2025;2
343153;54718115.42;2025;2
343269;4209909310.93;2025;2
343331;347496081.74;2025;2
343404;10182799.04;2025;2
343463;315566204.54;2025;2
343676;267405680.7;2025;2
343684;254255921.31;2025;2
343722;70498385.36;2025;2
343731;4105821136.47;2025;2
343765;121947210.55;2025;2
343889;24206059499.62;2025;2
344141;27420808.8;2025;2
344184;20661715.44;2025;2
344362;791451089.77;2025;2
344397;1719242154.81;2025;2
344451;91110272.1;2025;2
344729;698547370.94;2025;2
344788;72642827.06;2025;2
344800;1227407806.38;2025;2
344885;6539544355.76;2025;2
344915;19747523.23;2025;2
345091;261753792.46;2025;2
345318;86482529.74;2025;2
345458;305928078.53;2025;2
345598;932002101.76;2025;2
345709;578628686.7;2025;2
345741;14397974.95;2025;2
345776;241878955.14;2025;2
346004;79973177.23;2025;2
346209;507136647.24;2025;2
346276;1162178964.63;2025;2
346659;32695856447.33;2025;2
346926;5624608693.78;2025;2
346951;265164173.59;2025;2
347108;234240949.36;2025;2
347507;963735155.37;2025;2
347604;40496042.32;2025;2
347655;452283930.75;2025;2
347736;177297799.36;2025;2
347795;27958694.19;2025;2
347825;47384975.05;2025;2
348082;1025408669.52;2025;2
348180;1784197012.0;2025;2
348244;457676526.26;2025;2
348261;235896695.3;2025;2
348295;4244071263.34;2025;2
348520;4443780527.81;2025;2
348830;955965653.46;2025;2
349534;569946031.39;2025;2
349682;1384750247.4;2025;2
349712;1526625431.28;2025;2
350141;1817460026.02;2025;2
350249;2654085557.75;2025;2
350346;107045137.55;2025;2
350371;1030514911.92;2025;2
350494;345907501.41;2025;2
350648;146197895.34;2025;2
350699;482097140.37;2025;2
350770;20605241.31;2025;2
351202;3486661268.5;2025;2
351270;152923217.06;2025;2
351407;542678618.66;2025;2
351776;145745063.25;2025;2
351792;3854029.84;2025;2
352179;378688908.93;2025;2
352314;398747350.45;2025;2
352331;4062253070.69;2025;2
352501;15601826245.68;2025;2
352519;92266329.79;2025;2
352543;877403495.11;2025;2
352586;337072372.39;2025;2
352683;1116934925.95;2025;2
353027;281375386.7;2025;2
353060;1094536038.81;2025;2
353264;100155245.99;2025;2
353353;2283177506.56;2025;2
353663;1775628350.02;2025;2
353698;94288801.21;2025;2
353876;171085050.87;2025;2
354031;1980673659.82;2025;2
354066;1662921903.13;2025;2
354279;345699775.49;2025;2
354295;1128729917.84;2025;2
354325;340168639.38;2025;2
354511;621779224.23;2025;2
354562;785645443.96;2025;2
354619;143279648.84;2025;2
354627;14473168084.67;2025;2
354678;81684481.57;2025;2
354783;1418959082.86;2025;2
354996;159513237.92;2025;2
355097;3509432845.01;2025;2
355151;1405512979.35;2025;2
355577;314103754.5;2025;2
355593;229722168.8;2025;2
355691;2860937069.88;2025;2
355721;3555042402.46;2025;2
356123;666285129.55;2025;2
356417;1735623253.77;2025;2
356476;543722600.88;2025;2
356581;271724074.56;2025;2
357022;373192247.84;2025;2
357138;669910070.32;2025;2
357260;831389831.79;2025;2
357391;7947336621.35;2025;2
357511;4255266326.34;2025;2
357669;82016608.94;2025;2
357715;179100836.92;2025;2
358053;526465337.46;2025;2
358088;949140655.62;2025;2
358096;414798199.14;2025;2
358282;200786874.4;2025;2
358339;30156163.13;2025;2
358436;81675151.0;2025;2
358754;244408257.35;2025;2
359017;46150782481.58;2025;2
359033;173757204.24;2025;2
359122;386968771.42;2025;2
359289;930067021.93;2025;2
359661;9659679182.8;2025;2
359777;1084062039.27;2025;2
360244;1138794175.27;2025;2
360414;274510919.9;2025;2
360449;5468257221.05;2025;2
360783;45156028.62;2025;2
361011;2199382293.06;2025;2
361461;338162261.64;2025;2
361569;57784564.95;2025;2
361593;53195092.51;2025;2
361615;484721359.32;2025;2
361941;379907472.16;2025;2
362140;417153272.23;2025;2
362573;183818153.61;2025;2
362832;157449403.49;2025;2
363189;43428530.11;2025;2
363286;239002207.29;2025;2
363391;47958612.92;2025;2
363855;385268697.21;2025;2
364070;123191536.11;2025;2
364312;1430107898.46;2025;2
364584;1802434637.76;2025;2
364592;217890455.37;2025;2
364860;802245007.22;2025;2
365238;279875648.03;2025;2
365530;186658548.94;2025;2
365645;31722617.46;2025;2
365777;334357486.57;2025;2
365785;19837580.1;2025;2
366064;317082664.89;2025;2
366340;210333890.84;2025;2
366439;81214244.81;2025;2
366561;1276118961.66;2025;2
367087;1361207959.22;2025;2
367095;1523582951.16;2025;2
367397;1323204501.46;2025;2
367613;52245439.46;2025;2
368148;314173137.22;2025;2
368253;48836823105.03;2025;2
368555;109948288.71;2025;2
368920;388100252.34;2025;2
369292;1600564521.76;2025;2
369411;809775628.27;2025;2
369659;2408895236.32;2025;2
370070;2303210691.82;2025;2
370088;269367844.72;2025;2
370568;35970845.41;2025;2
370592;81454879.15;2025;2
370681;772973608.18;2025;2
370711;24057896.2;2025;2
370975;230633327.11;2025;2
371106;867254642.79;2025;2
371254;3382334464.56;2025;2
371564;159708156.89;2025;2
371629;795168104.44;2025;2
371777;566036272.33;2025;2
372561;357153152.78;2025;2
372609;982647814.26;2025;2
373109;17259308.66;2025;2
374440;210117138.13;2025;2
378216;251329078.11;2025;2
379280;878612123.91;2025;2
379956;9816637322.37;2025;2
380661;1596691263.21;2025;2
381144;23168089.62;2025;2
382281;23640097.64;2025;2
382540;527762008.5;2025;2
382639;9369194.46;2025;2
382655;27450386.6;2025;2
382876;10780961909.91;2025;2
384577;3219662327.89;2025;2
384704;111895159.71;2025;2
385255;652635191.92;2025;2
385620;225901875.38;2025;2
385697;1956581972.74;2025;2
386588;1303299753.7;2025;2
386596;505946244.0;2025;2
386901;132575327.24;2025;2
387185;113873908.81;2025;2
388092;47712859.33;2025;2
389358;50794361.7;2025;2
389854;59165541.07;2025;2
390259;37948045.13;2025;2
392804;1818158698.5;2025;2
393321;600201122.12;2025;2
393533;23053591.17;2025;2
394734;470918267.78;2025;2
395480;356021020.57;2025;2
397245;7818950.28;2025;2
401081;482579181.93;2025;2
401480;100955965.35;2025;2
402001;47229321.28;2025;2
402206;90424486.67;2025;2
402966;158039063.06;2025;2
403962;298755601.09;2025;2
404241;67556354.72;2025;2
406481;513895865.27;2025;2
406554;527994826.68;2025;2
406635;37205372.59;2025;2
406805;88410008.37;2025;2
406813;18864023.83;2025;2
406937;96836585.97;2025;2
406945;226139638.06;2025;2
407011;1191823498.54;2025;2
407224;51569569.51;2025;2
407534;15972394.13;2025;2
407569;28271139.59;2025;2
408026;22820362.59;2025;2
408034;19915984.15;2025;2
408093;14743456.12;2025;2
408263;41566842.97;2025;2
408522;9914682.95;2025;2
408794;125062233.9;2025;2
409243;745667474.89;2025;2
409286;2876055.56;2025;2
409405;19801345.99;2025;2
409413;56952971.95;2025;2
409634;36076597.89;2025;2
409791;24063598.95;2025;2
410110;120022206.43;2025;2
410128;175594480.5;2025;2
410292;305299161.85;2025;2
410608;63849482.13;2025;2
410624;49847511.0;2025;2
410888;115375409.15;2025;2
411248;23757043.39;2025;2
411256;1894703640.19;2025;2
411582;236207847.01;2025;2
411752;1087304114.99;2025;2
411809;44881682.37;2025;2
411868;40698061.49;2025;2
412015;17774503.08;2025;2
412058;141842022.43;2025;2
412252;116266220.1;2025;2
412295;275190907.21;2025;2
412635;125847094.15;2025;2
412759;170579203.15;2025;2
412996;47993930.64;2025;2
413160;199820048.88;2025;2
413267;10439625.66;2025;2
413283;36740254.6;2025;2
413330;150821114.78;2025;2
413372;93202106.97;2025;2
413429;88664204.06;2025;2
413518;83361819.18;2025;2
413534;3838819558.84;2025;2
413551;5383312.01;2025;2
413721;131637781.31;2025;2
413747;18781628.54;2025;2
414026;28388422.67;2025;2
414212;107412589.62;2025;2
414310;506688306.23;2025;2
414352;583147345.98;2025;2
414387;38878913.91;2025;2
414492;809502970.53;2025;2
414573;323530904.91;2025;2
414581;825911195.02;2025;2
414654;64205520.76;2025;2
414662;109491142.24;2025;2
414689;9084448.03;2025;2
414701;47174970.89;2025;2
414905;266896164.31;2025;2
414930;420015870.73;2025;2
415014;399516383.1;2025;2
415065;178950585.96;2025;2
415081;14352425.52;2025;2
415111;1018181554.15;2025;2
415243;21288098.48;2025;2
415626;112332424.44;2025;2
415693;602743154.34;2025;2
415774;700447941.09;2025;2
415901;7517176.36;2025;2
415910;10855727.95;2025;2
415936;163143782.08;2025;2
415944;918568.51;2025;2
415987;25430343.9;2025;2
416398;298021992.87;2025;2
416401;928368626.99;2025;2
416428;5059610826.02;2025;2
416495;281121408.29;2025;2
416525;55826970.08;2025;2
416568;776348199.01;2025;2
416584;194138340.49;2025;2
416690;332067348.74;2025;2
416738;382376185.7;2025;2
416789;3573536.62;2025;2
416801;429377087.45;2025;2
417050;1154802.68;2025;2
417092;9568.3;2025;2
417106;13395306.67;2025;2
417131;13339913.65;2025;2
417165;1064317.77;2025;2
417173;55592191.02;2025;2
417211;271028600.09;2025;2
417220;12540595.17;2025;2
417289;113439654.12;2025;2
417297;412069609.58;2025;2
417301;20279736.55;2025;2
417424;39774907.0;2025;2
417459;6629787.58;2025;2
417475;46568568.5;2025;2
417491;38482612.85;2025;2
417505;2572076958.31;2025;2
417530;1316289164.47;2025;2
417548;758503366.95;2025;2
417599;427341034.59;2025;2
417602;5282367.12;2025;2
417661;245306536.93;2025;2
417718;13662898.64;2025;2
417815;361535712.08;2025;2
417831;16678032.16;2025;2
417947;543260214.58;2025;2
417955;275754275.43;2025;2
418021;1411514284.24;2025;2
418030;1034740.06;2025;2
418072;12032578.69;2025;2
418129;26934036.38;2025;2
418137;120313494.59;2025;2
418170;1489657192.39;2025;2
418218;18363299.86;2025;2
418226;52516375.18;2025;2
418285;145391481.42;2025;2
418374;452540474.35;2025;2
418501;55795640.54;2025;2
418552;9382675.58;2025;2
418587;240373937.78;2025;2
418595;1440191.32;2025;2
418617;165716657.29;2025;2
418650;657844725.74;2025;2
418706;168582.2;2025;2
418731;272563798.66;2025;2
418749;34592466.34;2025;2
418803;419387769.34;2025;2
418820;202122641.17;2025;2
418919;235844119.84;2025;2
418960;15261033.32;2025;2
418986;12353818.32;2025;2
418994;3370806.32;2025;2
419010;1790731848.21;2025;2
419028;13747370.71;2025;2
419052;248148850.97;2025;2
419079;5673284.26;2025;2
419095;9224451.72;2025;2
419133;3361540995.48;2025;2
419141;511936848.96;2025;2
419150;236369510.6;2025;2
419249;1898811708.43;2025;2
419257;0.0;2025;2
419281;55309107.0;2025;2
419290;136675.77;2025;2
419354;-1520202.04;2025;2
419389;4519095.14;2025;2
419419;188405912.84;2025;2
419427;239327423.51;2025;2
419443;17655568.48;2025;2
419486;254597644.05;2025;2
419524;7262307.64;2025;2
419567;61232.96;2025;2
419591;20975521.57;2025;2
419699;189743602.58;2025;2
419753;54310472.46;2025;2
419851;46389610.46;2025;2
419869;30000.0;2025;2
419958;140566385.64;2025;2
419974;40957833.04;2025;2
420000;267726388.09;2025;2
420051;7845464.99;2025;2
420077;1032809993.39;2025;2
420085;85983584.25;2025;2
420093;18400624.54;2025;2
420107;-1908507.69;2025;2
420123;34131343.65;2025;2
420140;1220655.38;2025;2
420158;449687130.32;2025;2
420166;664601149.12;2025;2
420271;73115329.46;2025;2
420701;134016218.91;2025;2
420786;113982594.14;2025;2
420816;12725446.84;2025;2
420841;2504855.4;2025;2
420859;19469029.18;2025;2
420930;6263403.38;2025;2
420981;35267638.69;2025;2
421006;249423475.28;2025;2
421146;20000.0;2025;2
421154;229750269.65;2025;2
421189;18954657.72;2025;2
421197;409662964.6;2025;2
421341;397606037.41;2025;2
421359;65002015.05;2025;2
421367;6002371.97;2025;2
421375;42350.0;2025;2
421405;144443616.16;2025;2
421421;1001752770.89;2025;2
421561;4354741.09;2025;2
421618;23346054.17;2025;2
421634;23962978.57;2025;2
421642;557786.76;2025;2
421707;54118595.58;2025;2
421715;5409422797.18;2025;2
421723;8980367.34;2025;2
421731;283953702.57;2025;2
421766;282078927.84;2025;2
421871;48760096.73;2025;2
421928;1810389765.93;2025;2
421944;210181888.4;2025;2
422029;1262623480.42;2025;2
422053;128964881.98;2025;2
422070;241911551.7;2025;2
422088;20633757.96;2025;2
422126;12583931.08;2025;2
422134;-5139537.85;2025;2
422151;73872261.74;2025;2
422223;332612.72;2025;2
422304;28181990.13;2025;2
422321;272883301.23;2025;2
422339;1646975798.72;2025;2
422355;22099981.43;2025;2
422371;142936976.28;2025;2
422380;40535277.36;2025;2
422398;392988418.9;2025;2
422401;0.0;2025;2
422479;1838821.24;2025;2
422487;43251716.57;2025;2
422576;165890.28;2025;2
422584;117075143.98;2025;2
422592;24358.7;2025;2
422631;3723335877.24;2025;2
422681;399709820.88;2025;2
422720;1313852389.85;2025;2
422746;14476946.48;2025;2
422754;4552122.18;2025;2
422762;87642411.7;2025;2
422771;309822190.45;2025;2
422827;116117429.19;2025;2
422835;73128000.32;2025;2
422941;8259.81;2025;2
422959;21046596.12;2025;2
423017;0.0;2025;2
423041;354308.2;2025;2
423173;1116370783.24;2025;2
423181;3755245.97;2025;2
423203;18154861.44;2025;2
423262;6125542.18;2025;2
423319;213030916.41;2025;2
423327;100.5;2025;2
423335;224972038.24;2025;2
423351;99805835.16;2025;2
423432;15120722.57;2025;2
423441;31015813.25;2025;2
423505;23563005.22;2025;2
423548;69124756.38;2025;2
423564;6227809.13;2025;2
423572;5155054.25;2025;2
423629;79112306.26;2025;2
423645;522554.59;2025;2
423661;323874085.96;2025;2
423700;202972.34;2025;2
423718;90875763.93;2025;2
423815;602163.52;2025;2
423858;0.0;2025;2
423912;1834998.84;2025;2
424048;22637033.91;2025;2
424129;145501.41;2025;2
424145;7765.54;2025;2
424161;0.0;2025;2
424170;8096764.58;2025;2
424188;10779663707.45;2025;2
424196;3.0;2025;2
424226;516.0;2025;2
424421;881252.0;2025;2
424544;0.0;2025;2
515;140959173.25;2025;3
582;39461785180.88;2025;3
701;33327874834.1;2025;3
884;2183959623.24;2025;3
5711;235101481037.87;2025;3
6246;182853172183.92;2025;3
300136;725617131.19;2025;3
300713;769551982.42;2025;3
300730;24920614.17;2025;3
300870;107312763.53;2025;3
301060;384703641.32;2025;3
301124;246605592.22;2025;3
301574;1405401699.15;2025;3
301728;418249631.62;2025;3
301744;465004839.41;2025;3
301949;6200710822.99;2025;3
302147;33514988935.15;2025;3
302228;172344814.99;2025;3
302627;257475215.5;2025;3
302953;2841613525.27;2025;3
303178;436100088.73;2025;3
303267;2734284727.62;2025;3
303356;3558865431.55;2025;3
303623;4767891844.98;2025;3
303739;1254425973.56;2025;3
303844;318891214.77;2025;3
303976;9270597377.38;2025;3
304051;881695666.03;2025;3
304123;333889433.32;2025;3
304131;681912916.18;2025;3
304212;122048220.61;2025;3
304344;569566546.05;2025;3
304395;741404420.8;2025;3
304441;137083109.85;2025;3
304468;782722578.25;2025;3
304484;471424298.94;2025;3
304531;63475299.09;2025;3
304701;21686451701.92;2025;3
304883;1386365886.98;2025;3
305227;613429756.9;2025;3
305421;24894194.75;2025;3
305472;644385399.79;2025;3
305626;221040181.07;2025;3
305928;46641401.54;2025;3
306045;57330961.3;2025;3
306100;951234700.03;2025;3
306126;1095913058.16;2025;3
306398;3704595175.99;2025;3
306754;273010554.02;2025;3
306762;1081801938.04;2025;3
306886;3493547735.05;2025;3
307319;1690106076.1;2025;3
307751;755827626.09;2025;3
308811;238289400.77;2025;3
309028;156677258.75;2025;3
309087;534935741.37;2025;3
309222;13611429282.19;2025;3
309524;190513699.86;2025;3
309907;962094957.85;2025;3
310239;154411495.55;2025;3
310247;1657620131.2;2025;3
310522;1388972346.44;2025;3
310981;120635730.9;2025;3
311057;39052101.57;2025;3
311146;379623831.58;2025;3
311294;1008496244.78;2025;3
311359;566083453.67;2025;3
311375;1277953086.3;2025;3
311391;69423053.59;2025;3
311472;51387584.64;2025;3
311618;655582630.71;2025;3
311715;924445626.61;2025;3
311847;2115813249.65;2025;3
311944;200794955.9;2025;3
311961;1579330301.84;2025;3
312126;13476382536.1;2025;3
312282;275490631.65;2025;3
312347;1010668480.65;2025;3
312363;29670403182.22;2025;3
312592;727704207.81;2025;3
312720;4357826124.93;2025;3
312851;5475233287.8;2025;3
313084;347024363.24;2025;3
313149;66940461.37;2025;3
313211;788493036.91;2025;3
313475;86089055.45;2025;3
313751;256003101.11;2025;3
313971;811295776.53;2025;3
314099;1402555842.09;2025;3
314218;4024291541.48;2025;3
314242;273370489.3;2025;3
314251;439883877.03;2025;3
314315;83738946.44;2025;3
314366;28614735.88;2025;3
314587;282944034.35;2025;3
314668;1286796625.43;2025;3
314706;86521127.5;2025;3
314781;197359385.54;2025;3
315044;1385671352.13;2025;3
315265;498208266.65;2025;3
315478;9619214822.26;2025;3
315494;252492821.41;2025;3
315567;1030113116.6;2025;3
315583;194908091.63;2025;3
315648;276840799.02;2025;3
315729;3876270951.12;2025;3
315796;2940197978.01;2025;3
316148;772128351.43;2025;3
316458;166340811.21;2025;3
316849;52129614.14;2025;3
316873;835267510.59;2025;3
316881;944443421.23;2025;3
316903;3768169.7;2025;3
316997;42949920.59;2025;3
317012;368831169.33;2025;3
317144;15907644657.55;2025;3
317233;2044284417.72;2025;3
317632;1950652801.86;2025;3
317896;280644550.75;2025;3
318035;379915176.92;2025;3
318213;382915870.49;2025;3
318388;717814300.71;2025;3
318477;540471177.28;2025;3
318566;894539248.31;2025;3
319121;4036643515.69;2025;3
319180;357343652.86;2025;3
319384;1108599235.28;2025;3
319422;485799368.13;2025;3
319708;1740156618.03;2025;3
319872;33795341.18;2025;3
319996;8308038455.39;2025;3
320251;1443742361.3;2025;3
320510;197393200.89;2025;3
320706;2491322621.5;2025;3
320820;318666724.27;2025;3
320838;75709577.76;2025;3
320862;669668155.74;2025;3
320897;538656744.33;2025;3
321044;6098228380.38;2025;3
321087;347613136.5;2025;3
321125;124337516.38;2025;3
321273;3720458451.07;2025;3
321320;180243019.37;2025;3
321338;84641208.12;2025;3
321931;284036229.6;2025;3
321958;1906164007.53;2025;3
322326;73277395.8;2025;3
322571;814431567.09;2025;3
322831;562166224.83;2025;3
322890;45091659.62;2025;3
323004;128423266.36;2025;3
323055;374343284.71;2025;3
323080;33281995688.65;2025;3
323268;2283144767.08;2025;3
323357;518117761.3;2025;3
323926;585064049.21;2025;3
323942;245793166.87;2025;3
323993;1333020906.74;2025;3
324159;445339103.34;2025;3
324175;204712004.12;2025;3
324213;111192600.11;2025;3
324299;181665703.07;2025;3
324345;894055134.71;2025;3
324361;1597475737.15;2025;3
324477;1902306927.99;2025;3
324493;1240699064.97;2025;3
324523;170172.35;2025;3
324566;583955251.26;2025;3
325031;502332392.4;2025;3
325082;124588455.26;2025;3
325236;601131831.43;2025;3
325465;220813776.07;2025;3
325571;6269199183.03;2025;3
326305;142083821419.42;2025;3
326500;2193969433.63;2025;3
326755;1327348319.72;2025;3
326861;1719078310.94;2025;3
327328;7352567.98;2025;3
327352;268334587.66;2025;3
327417;1502390035.85;2025;3
327468;163999438.47;2025;3
327557;630060310.88;2025;3
327638;112022110.97;2025;3
327689;6007597010.37;2025;3
328031;-14862552.45;2025;3
328294;734383660.41;2025;3
328308;264982573.66;2025;3
328375;175111470.53;2025;3
328537;1055969980.97;2025;3
329339;1995303947.16;2025;3
329355;304478964.57;2025;3
329665;216535782.61;2025;3
329886;619368036.17;2025;3
330108;741946181.57;2025;3
330116;268484812.58;2025;3
330264;747456567.21;2025;3
330281;280437253.65;2025;3
330566;705313181.77;2025;3
330809;579992276.39;2025;3
330892;150958066.68;2025;3
331104;19494614.5;2025;3
331317;2040790055.45;2025;3
331341;1345188435.23;2025;3
331651;573119564.92;2025;3
331872;3989607131.64;2025;3
331988;3088715159.84;2025;3
333051;1609559138.8;2025;3
333239;7650150.02;2025;3
333662;1257640537.0;2025;3
333689;1907702007.07;2025;3
333808;331111793.38;2025;3
333867;92877231.07;2025;3
333875;299342441.9;2025;3
334154;575694836.21;2025;3
334243;45626692.84;2025;3
334511;14456470.95;2025;3
334561;4522291476.38;2025;3
334847;137538578.56;2025;3
335100;8282443851.03;2025;3
335215;927259341.65;2025;3
335258;144964313.98;2025;3
335479;2395759577.67;2025;3
335517;574811975.81;2025;3
335541;396137913.92;2025;3
335592;7113232289.8;2025;3
335614;11005886520.77;2025;3
335657;166852521.8;2025;3
335690;19097244853.02;2025;3
335754;628922158.37;2025;3
335789;168353634.22;2025;3
336017;28892880.27;2025;3
336106;2285650532.76;2025;3
336467;117603396.27;2025;3
336831;818899207.77;2025;3
336858;7219826357.86;2025;3
337188;1914925596.16;2025;3
337374;1965265926.47;2025;3
337498;441540126.33;2025;3
337561;111858826.89;2025;3
337668;3345718160.96;2025;3
337871;1177107094.99;2025;3
338346;446895419.95;2025;3
338648;1040625037.81;2025;3
339458;36617034.21;2025;3
339679;46852425771.6;2025;3
339954;4353286112.55;2025;3
340162;27014758.32;2025;3
340251;467136018.46;2025;3
340782;4740344669.05;2025;3
340952;2536385199.13;2025;3
341819;4628773.6;2025;3
341941;118785784.68;2025;3
342033;4988266402.0;2025;3
342084;8290389194.14;2025;3
342131;307948757.05;2025;3
342157;95648943.7;2025;3
342203;121923670.05;2025;3
342343;387743368.42;2025;3
342386;345518672.35;2025;3
342556;1472272798.42;2025;3
342611;998105374.66;2025;3
342807;1129904521.74;2025;3
342955;29611567.44;2025;3
343056;29391919.65;2025;3
343064;511851449.87;2025;3
343129;182522911.54;2025;3
343153;75264587.09;2025;3
343269;6273799469.61;2025;3
343331;497611939.36;2025;3
343404;14327587.24;2025;3
343463;481646407.61;2025;3
343676;394983464.12;2025;3
343684;374081157.65;2025;3
343722;104022811.76;2025;3
343731;6066203724.7;2025;3
343765;178146835.62;2025;3
343889;36206989872.92;2025;3
344141;41558463.55;2025;3
344184;27851329.31;2025;3
344362;1151140685.18;2025;3
344397;2405398027.08;2025;3
344451;140711897.62;2025;3
344729;992893448.92;2025;3
344788;104959484.28;2025;3
344800;1793164440.63;2025;3
344885;9722469399.91;2025;3
344915;27010428.09;2025;3
345091;389807359.37;2025;3
345318;124604504.0;2025;3
345458;457177144.92;2025;3
345598;1409338101.83;2025;3
345709;874645370.14;2025;3
345741;14491176.19;2025;3
345776;352239715.34;2025;3
346004;119235199.42;2025;3
346209;726330538.97;2025;3
346276;1726497398.26;2025;3
346659;47807714117.74;2025;3
346926;8159632532.11;2025;3
346951;401020460.99;2025;3
347108;345935431.06;2025;3
347507;1416565269.44;2025;3
347604;60540607.92;2025;3
347655;712188610.72;2025;3
347736;253260523.55;2025;3
347795;39836019.19;2025;3
347825;69692072.49;2025;3
348082;1526118906.07;2025;3
348180;2490098971.03;2025;3
348244;666704524.0;2025;3
348261;347597002.2;2025;3
348295;6478939726.71;2025;3
348520;6286618784.62;2025;3
348830;1374179861.75;2025;3
349682;2119072790.13;2025;3
349712;2245952531.77;2025;3
350141;2622829233.92;2025;3
350249;3205150888.3;2025;3
350346;150959873.77;2025;3
350371;1510181062.63;2025;3
350494;526765638.0;2025;3
350648;218978872.13;2025;3
350699;713382399.53;2025;3
350770;30314700.29;2025;3
351202;5211575437.06;2025;3
351270;226262002.51;2025;3
351407;808456292.6;2025;3
351776;193710599.21;2025;3
352179;563083687.12;2025;3
352314;589932902.56;2025;3
352331;6271490212.76;2025;3
352501;23307404006.0;2025;3
352519;121051789.1;2025;3
352543;1462011819.79;2025;3
352586;476807081.76;2025;3
352683;1662184176.43;2025;3
353027;418791314.38;2025;3
353060;1617852122.36;2025;3
353264;149451647.16;2025;3
353353;3397448996.37;2025;3
353663;2662520456.6;2025;3
353698;141892773.72;2025;3
353876;241830467.69;2025;3
354031;3000610741.6;2025;3
354066;2478422309.7;2025;3
354279;490974492.05;2025;3
354295;1702440783.59;2025;3
354325;508633546.55;2025;3
354511;935295669.46;2025;3
354562;1233793381.43;2025;3
354619;216412582.64;2025;3
354627;14584335349.76;2025;3
354678;121005757.9;2025;3
354783;2136948934.7;2025;3
354996;230215575.9;2025;3
355097;5095938130.37;2025;3
355151;2044281283.77;2025;3
355577;467698316.21;2025;3
355593;347294247.28;2025;3
355691;4260387553.55;2025;3
355721;5313063805.07;2025;3
356123;1030098046.4;2025;3
356417;2626665283.91;2025;3
356476;805962319.97;2025;3
356581;390849288.37;2025;3
357022;544320543.95;2025;3
357138;996611725.88;2025;3
357260;1214629933.52;2025;3
357391;11988896454.3;2025;3
357511;6189006655.89;2025;3
357669;116423069.76;2025;3
357715;265253861.35;2025;3
358053;1074674749.34;2025;3
358088;1397572037.76;2025;3
358096;602819070.66;2025;3
358282;303408269.13;2025;3
358339;42553091.5;2025;3
358436;124297885.82;2025;3
358754;308416179.71;2025;3
359017;66465961700.3;2025;3
359033;265872142.87;2025;3
359122;577106440.81;2025;3
359661;14719805376.84;2025;3
359777;1597592517.11;2025;3
360244;1669854102.93;2025;3
360414;378466884.61;2025;3
360449;8189166044.02;2025;3
360783;72442151.57;2025;3
361011;3195179144.44;2025;3
361461;500675130.22;2025;3
361569;84103435.09;2025;3
361593;80426604.06;2025;3
361615;709537217.41;2025;3
361941;551055028.43;2025;3
362140;596748666.81;2025;3
362573;281993632.5;2025;3
362832;241268342.01;2025;3
363189;62127828.36;2025;3
363286;333317270.47;2025;3
363391;65518080.91;2025;3
363855;575817115.39;2025;3
364070;181186676.98;2025;3
364312;2139735596.2;2025;3
364584;2652891363.27;2025;3
364592;307358328.57;2025;3
364860;1213658499.71;2025;3
365238;408743272.45;2025;3
365530;278977084.72;2025;3
365645;40511127.13;2025;3
365777;511053443.47;2025;3
365785;29680088.19;2025;3
366064;467829750.26;2025;3
366340;306109568.73;2025;3
366439;136548758.74;2025;3
366561;1824031171.24;2025;3
367087;1998703173.0;2025;3
367095;2246705274.45;2025;3
367397;1937953931.31;2025;3
367613;73552171.24;2025;3
368148;464286271.48;2025;3
368253;63864768759.76;2025;3
368555;169410681.23;2025;3
368920;581239116.39;2025;3
369292;2368469725.56;2025;3
369411;1182176855.44;2025;3
369659;3537252571.78;2025;3
370070;3390370498.95;2025;3
370088;399285174.94;2025;3
370568;54248261.88;2025;3
370592;117137979.61;2025;3
370681;1122305973.34;2025;3
370711;35928771.43;2025;3
370975;317318000.7;2025;3
371106;1314171561.37;2025;3
371254;5113669166.47;2025;3
371564;225430556.15;2025;3
371629;1198794117.09;2025;3
371777;880766981.92;2025;3
372561;529386804.06;2025;3
372609;1433230574.33;2025;3
373109;26118792.92;2025;3
374440;282692515.29;2025;3
378216;370455353.13;2025;3
379280;1297171356.73;2025;3
379956;14832629350.54;2025;3
380661;2063747568.38;2025;3
381144;35741645.0;2025;3
382281;36272067.2;2025;3
382540;789295751.05;2025;3
382639;14970815.79;2025;3
382655;41678536.08;2025;3
382876;15483982989.8;2025;3
384577;4607496114.27;2025;3
384704;168903204.77;2025;3
385255;971563378.92;2025;3
385620;324431145.99;2025;3
385697;2843583474.75;2025;3
386588;1919537682.04;2025;3
386596;747057997.16;2025;3
386901;213788989.18;2025;3
387185;160092377.19;2025;3
388092;76878824.46;2025;3
389358;170129481.15;2025;3
389854;88712172.28;2025;3
390259;53375884.45;2025;3
392804;2611467587.02;2025;3
393533;57123589.23;2025;3
394734;597175682.22;2025;3
395480;492988768.85;2025;3
397245;10301114.18;2025;3
401081;692705299.53;2025;3
401480;148477866.59;2025;3
402001;66848296.67;2025;3
402206;136517013.8;2025;3
402966;177821280.03;2025;3
403962;426486459.1;2025;3
404241;99879292.18;2025;3
406481;756429085.79;2025;3
406554;842944985.58;2025;3
406635;53859644.53;2025;3
406805;138817746.58;2025;3
406813;27228752.47;2025;3
406937;142646384.88;2025;3
406945;324526537.85;2025;3
407011;1141578316.09;2025;3
407224;62151372.43;2025;3
407534;22809920.87;2025;3
407569;40749483.03;2025;3
408026;33710820.62;2025;3
408034;26869523.16;2025;3
408093;30900920.3;2025;3
408263;61144404.19;2025;3
408522;12471873.73;2025;3
408794;186276875.21;2025;3
409243;1096080180.24;2025;3
409286;4258790.6;2025;3
409405;27079095.07;2025;3
409413;82679190.54;2025;3
409634;51046329.44;2025;3
409791;35812124.55;2025;3
410110;167204843.21;2025;3
410128;258263925.51;2025;3
410292;466028320.73;2025;3
410608;94262595.0;2025;3
410624;69063139.48;2025;3
410888;180028962.81;2025;3
411248;33973972.81;2025;3
411256;2809368132.12;2025;3
411582;346070945.16;2025;3
411752;1352952278.7;2025;3
411809;67850618.81;2025;3
411868;64610996.04;2025;3
412015;27774342.37;2025;3
412058;198445612.14;2025;3
412252;167400036.49;2025;3
412295;383513836.36;2025;3
412635;145741639.25;2025;3
412759;251499148.29;2025;3
412996;67780562.39;2025;3
413160;309500716.83;2025;3
413267;14957956.77;2025;3
413283;58538593.42;2025;3
413330;221572636.81;2025;3
413372;136756907.97;2025;3
413429;129411392.93;2025;3
413518;125132876.49;2025;3
413534;5555525628.33;2025;3
413551;6965325.83;2025;3
413721;194588854.9;2025;3
413747;28033277.41;2025;3
414026;38330025.62;2025;3
414212;152421639.12;2025;3
414310;744729168.79;2025;3
414352;851148271.22;2025;3
414387;59009979.76;2025;3
414492;1212780332.23;2025;3
414573;470172670.65;2025;3
414581;1179000979.34;2025;3
414654;95929821.95;2025;3
414662;155304576.67;2025;3
414689;13338620.58;2025;3
414701;70861648.96;2025;3
414905;403323722.44;2025;3
414930;621229398.02;2025;3
415014;526437917.89;2025;3
415065;286197018.09;2025;3
415081;20627038.17;2025;3
415111;1459244608.89;2025;3
415243;32904753.64;2025;3
415626;173291390.74;2025;3
415693;890609281.99;2025;3
415774;1021460369.06;2025;3
415901;10322014.02;2025;3
415910;15649430.17;2025;3
415936;254374337.0;2025;3
415944;1381908.32;2025;3
415987;37313190.58;2025;3
416398;441703083.09;2025;3
416401;1323551266.19;2025;3
416410;591545.94;2025;3
416428;6692167901.88;2025;3
416495;420659477.95;2025;3
416525;79415393.64;2025;3
416568;1122581865.15;2025;3
416584;282952402.75;2025;3
416690;497754935.6;2025;3
416738;559043608.07;2025;3
416789;5321814.64;2025;3
416801;654058315.21;2025;3
417050;1766714.68;2025;3
417092;9568.3;2025;3
417106;20831425.1;2025;3
417131;20222086.97;2025;3
417165;0.0;2025;3
417173;78470651.82;2025;3
417211;406864218.18;2025;3
417220;18185013.48;2025;3
417289;170856266.44;2025;3
417297;610835502.39;2025;3
417301;29602753.65;2025;3
417424;58339028.81;2025;3
417459;10001540.72;2025;3
417475;60256987.08;2025;3
417491;96822995.53;2025;3
417505;3467167170.3;2025;3
417530;1998361936.69;2025;3
417548;1104201516.05;2025;3
417599;571666884.39;2025;3
417602;8040972.36;2025;3
417661;376396502.34;2025;3
417718;30002307.56;2025;3
417815;511045983.57;2025;3
417831;26284078.31;2025;3
417840;15316001.85;2025;3
417947;782028726.36;2025;3
417955;430048129.37;2025;3
418021;1958930799.67;2025;3
418030;1520344.6;2025;3
418072;11718329.88;2025;3
418129;45979524.9;2025;3
418137;172558591.17;2025;3
418170;2163464817.04;2025;3
418218;30073412.86;2025;3
418226;86289638.29;2025;3
418285;204846959.07;2025;3
418374;662218892.68;2025;3
418501;84198415.98;2025;3
418552;14040641.61;2025;3
418587;362732921.06;2025;3
418595;1592129.02;2025;3
418617;243350508.65;2025;3
418650;997797064.35;2025;3
418706;301134.38;2025;3
418731;423523474.65;2025;3
418749;48993892.38;2025;3
418803;605559879.87;2025;3
418820;318641507.01;2025;3
418919;345996489.49;2025;3
418960;22367944.64;2025;3
418986;19199521.74;2025;3
418994;5322120.18;2025;3
419010;2675988710.12;2025;3
419028;20935461.16;2025;3
419052;375832024.13;2025;3
419079;7377539.31;2025;3
419095;13513651.56;2025;3
419133;4337533544.84;2025;3
419141;769297611.54;2025;3
419150;383098050.81;2025;3
419249;2882789616.2;2025;3
419257;0.0;2025;3
419281;80679558.71;2025;3
419290;1674764.35;2025;3
419354;-4562759.84;2025;3
419389;6450887.44;2025;3
419419;281153242.96;2025;3
419427;404663950.2;2025;3
419443;34179273.6;2025;3
419486;382893104.19;2025;3
419516;208975640.74;2025;3
419524;10252840.64;2025;3
419567;105931.34;2025;3
419591;35430762.12;2025;3
419699;272930051.22;2025;3
419753;71154037.36;2025;3
419851;69228324.16;2025;3
419869;45000.0;2025;3
419958;204199441.39;2025;3
419974;61161378.9;2025;3
420000;388886397.22;2025;3
420077;1560073492.39;2025;3
420085;124935524.39;2025;3
420093;27415263.13;2025;3
420107;-1039393.62;2025;3
420123;51130747.31;2025;3
420140;1250133.58;2025;3
420158;687978617.82;2025;3
420166;981599800.84;2025;3
420271;108769485.43;2025;3
420701;214385624.45;2025;3
420786;166994965.18;2025;3
420816;18420580.94;2025;3
420841;-468654.11;2025;3
420859;29171040.24;2025;3
420930;6263403.38;2025;3
420981;52867518.27;2025;3
421006;355333198.95;2025;3
421146;20000.0;2025;3
421154;397675283.23;2025;3
421189;27647417.28;2025;3
421197;604348710.06;2025;3
421341;577839443.77;2025;3
421359;101626159.49;2025;3
421367;8890297.85;2025;3
421375;54350.0;2025;3
421405;218860538.14;2025;3
421421;1441255852.08;2025;3
421561;6161605.8;2025;3
421618;32543514.5;2025;3
421634;36708836.41;2025;3
421642;7094035.8;2025;3
421715;7488904735.01;2025;3
421723;14906469.84;2025;3
421731;607251182.98;2025;3
421766;471155787.31;2025;3
421871;67135114.25;2025;3
421928;2936878460.96;2025;3
421944;329283110.15;2025;3
422029;1922512308.36;2025;3
422053;174901400.33;2025;3
422070;397498091.08;2025;3
422088;32381805.38;2025;3
422126;18727414.88;2025;3
422134;-11558780.3;2025;3
422151;124520640.51;2025;3
422304;43708031.39;2025;3
422321;429613653.49;2025;3
422339;2587661059.56;2025;3
422355;32701133.08;2025;3
422371;238806387.1;2025;3
422398;556665137.09;2025;3
422401;0.0;2025;3
422479;1774272.72;2025;3
422487;66406268.91;2025;3
422576;236679.5;2025;3
422584;190363702.62;2025;3
422592;28773.71;2025;3
422631;5210838042.5;2025;3
422681;531246642.69;2025;3
422720;1844684550.38;2025;3
422746;23949083.67;2025;3
422754;7651731.52;2025;3
422762;138914928.2;2025;3
422771;492595642.2;2025;3
422827;173963985.65;2025;3
422835;107878024.94;2025;3
422941;7382.05;2025;3
422959;29789223.62;2025;3
423017;0.0;2025;3
423041;537621.38;2025;3
423173;1335616251.62;2025;3
423181;3908838.32;2025;3
423203;26549421.73;2025;3
423262;7295794.38;2025;3
423319;324980182.64;2025;3
423327;2567.0;2025;3
423335;357462307.74;2025;3
423351;138850319.18;2025;3
423408;5295444.22;2025;3
423432;16494325.48;2025;3
423441;59566491.1;2025;3
423505;34697666.48;2025;3
423548;80151960.47;2025;3
423564;10152235.61;2025;3
423572;15155905.2;2025;3
423629;128151654.63;2025;3
423645;6048476.2;2025;3
423661;571636772.65;2025;3
423700;2962927.67;2025;3
423718;88711792.58;2025;3
423815;1507237.18;2025;3
423858;0.0;2025;3
423912;3794664.52;2025;3
424013;916008.21;2025;3
424048;40650599.94;2025;3
424129;265149.46;2025;3
424145;7765.54;2025;3
424161;0.0;2025;3
424170;18695700.08;2025;3
424188;15385216805.15;2025;3
424226;0.0;2025;3
424285;771934.62;2025;3
424421;1083092.0;2025;3
424463;320142.57;2025;3
424501;0.0;2025;3
424528;0.0;2025;3
424544;0.0;2025;3
